key,en-US,fr-FR,ar-MA
about.cta.desc,We're onboarding select fashion brands ahead of our Q3 2026 launch. Get in early.,Nous intégrons des marques de mode sélectionnées avant notre lancement Q3 2026. Rejoignez-nous tôt.,نحن ندمج علامات موضة مختارة قبيل إطلاقنا في Q3 2026. انضم مبكراً.
about.cta.overline,Early Access,Accès Anticipé,الوصول المبكر
about.cta.primary,Join the waitlist,Rejoindre la liste d'attente,انضم إلى قائمة الانتظار
about.cta.secondary,Contact us,Nous contacter,تواصل معنا
about.cta.title,Join the first wave.,Rejoignez la première vague.,انضم إلى الموجة الأولى.
about.founder.amal.bio,Amal brings a deep understanding of fashion commerce and brand identity to Anaqio. Her vision for what AI can unlock for Moroccan fashion brands is at the heart of the product.,Amal apporte une compréhension approfondie du commerce de la mode et de l'identité de marque à Anaqio. Sa vision de ce que l'IA peut déverrouiller pour les marques de mode marocaines est au cœur du produit.,تجلب أمل فهماً عميقاً لتجارة الموضة وهوية العلامة التجارية إلى Anaqio. رؤيتها لما يمكن للذكاء الاصطناعي أن يفتحه لعلامات الموضة المغربية هي في قلب المنتج.
about.founder.amal.role,Founder,Fondatrice,المؤسسة
about.founder.github,GitHub,GitHub,GitHub
about.founder.linkedin,LinkedIn,LinkedIn,لينكدإن
about.founder.mo.bio,"Mohamed is a full-stack developer and experience designer with 9+ years building intuitive digital products. He shapes the engineering and design direction from Bouskoura, Morocco.","Mohamed est un développeur full-stack et designer d'expérience avec 9+ ans de création de produits numériques intuitifs. Il façonne la direction de l'ingénierie et du design depuis Bouskoura, Maroc.",محمد مطور كامل المكدس ومصمم تجربة مستخدم بخبرة تزيد على 9 سنوات في بناء منتجات رقمية بديهية. يشكّل اتجاه الهندسة والتصميم من بوسكورة، المغرب.
about.founder.mo.role,Co-Founder & Engineer,Co-Fondateur & Ingénieur,المؤسس المشارك والمهندس
about.founder.twitter,X / Twitter,X / Twitter,X / تويتر
about.hero.back,Back to Home,Retour à l'accueil,العودة للرئيسية
about.hero.desc,The AI-powered visual studio giving Moroccan fashion brands the infrastructure to produce studio-quality imagery — without a studio.,Le studio visuel alimenté par l'IA donnant aux marques de mode marocaines l'infrastructure pour produire des images de qualité studio — sans studio.,استوديو بصري مدعوم بالذكاء الاصطناعي يمنح علامات الموضة المغربية البنية التحتية لإنتاج صور بجودة الاستوديو — بدون استوديو.
about.hero.founded,Est. 2026,Fondée 2026,مؤسسة 2026
about.hero.imageAlt,Fashion model showcasing Anaqio studio-quality imagery,Mannequin présentant les images de qualité studio Anaqio,عارضة أزياء تعرض صور بجودة استوديو Anaqio
about.hero.label,ANAQIO · AI Visual Studio,ANAQIO · Studio Visuel IA,ANAQIO · استوديو بصري بالذكاء الاصطناعي
about.hero.launch,Launching Q3 2026,Lancement Q3 2026,إطلاق Q3 2026
about.hero.location,"Casablanca, Morocco","Casablanca, Maroc",الدار البيضاء، المغرب
about.hero.title,"Fashion, Reimagined.","La Mode, Réimaginée.",الموضة، أعيد تخيّلها.
about.hero.titleLine1,"Fashion,","La Mode,",الموضة،
about.hero.titleLine2,Reimagined.,Réimaginée.,أعيد تخيّلها.
about.lookbook.1alt,Lookbook image — editorial fashion composition,Image lookbook — composition de mode éditoriale,صورة الكتالوج — تركيبة موضة افتتاحية
about.lookbook.2alt,Lookbook image — landscape fashion scene,Image lookbook — scène de mode paysagère,صورة الكتالوج — مشهد موضة بانورامي
about.lookbook.3alt,Lookbook image — styled product photography,Image lookbook — photographie produit stylisée,صورة الكتالوج — تصوير منتج مصمم
about.morocco.attr,"— Anaqio, Casablanca 2026","— Anaqio, Casablanca 2026",— Anaqio، الدار البيضاء 2026
about.morocco.imageAlt,Moroccan fashion — studio-quality AI-generated imagery,Mode marocaine — images de qualité studio générées par IA,موضة مغربية — صور بجودة الاستوديو يولدها الذكاء الاصطناعي
about.morocco.quote,Morocco has one of the richest fashion cultures in the world. It deserves,Le Maroc a l'une des cultures de la mode les plus riches du monde. Elle mérite,المغرب لديه واحدة من أغنى ثقافات الموضة في العالم. يستحق
about.morocco.quoteAccent,world-class tools.,des outils de classe mondiale.,أدوات عالمية المستوى.
about.morocco.srLabel,Built for Morocco,Conçu pour le Maroc,مصنوع للمغرب
about.pain.cost.label,average cost per studio shoot,coût moyen par séance studio,متوسط تكلفة كل جلسة استوديو
about.pain.cost.number,MAD 50K+,MAD 50K+,+MAD 50K
about.pain.skus.label,"of SKUs, one shoot can't cover them all","de SKU, une seule séance ne peut pas tous les couvrir",من وحدات المنتجات، لا يمكن لجلسة واحدة أن تغطيها جميعاً
about.pain.skus.number,100s,Centaines,مئات
about.pain.time.label,production cycle per collection,cycle de production par collection,دورة إنتاج لكل مجموعة
about.pain.time.number,3–6 wks,3–6 sem.,3–6 أسابيع
about.problem.desc,"Every fashion shoot in Morocco means renting a space, booking models, coordinating lighting, post-processing hundreds of RAW files — and then doing it all again next season. The result: brands that move slowly, spend heavily, and still end up with imagery that looks like everyone else's.","Chaque séance photo de mode au Maroc signifie louer un espace, réserver des mannequins, coordonner l'éclairage, post-traiter des centaines de fichiers RAW — et ensuite tout refaire la saison suivante. Le résultat : des marques qui évoluent lentement, dépensent lourdement, et finissent quand même avec des images qui ressemblent à celles de tout le monde.",كل جلسة تصوير أزياء في المغرب تعني استئجار مساحة، حجز نماذج، تنسيق الإضاءة، ومعالجة مئات من ملفات RAW — ثم تكرار كل هذا في الموسم التالي. النتيجة: علامات تجارية تتحرك ببطء، تنفق بكثرة، وتنتهي بصور تبدو مثل صور الجميع.
about.problem.overline,The Problem,Le Problème,المشكلة
about.problem.title,The broken studio pipeline.,Le pipeline d'atelier brisé.,خط إنتاج الاستوديو المكسور.
about.solution.desc,Upload your garments — models or brand assets. Anaqio generates studio-quality imagery in minutes — not weeks.,Téléchargez vos vêtements — modèles ou ressources de marque. Anaqio génère des images de qualité studio en minutes — pas en semaines.,حمّل ملابسك أو نماذجك أو أصول العلامة التجارية. ينشئ Anaqio صوراً بجودة الاستوديو في دقائق — وليس أسابيع.
about.solution.overline,The Solution,La Solution,الحل
about.solution.title,One workspace. Infinite looks.,Un espace de travail. Des looks infinis.,مساحة عمل واحدة. مظاهر لا نهاية لها.
about.solution.titleLine1,One workspace.,Un espace de travail.,مساحة عمل واحدة.
about.solution.titleLine2,Infinite looks.,Des looks infinis.,مظاهر لا نهاية لها.
about.team.desc,Built by people who believe Moroccan fashion deserves the same creative infrastructure as the global luxury market.,Construit par des personnes qui croient que la mode marocaine mérite la même infrastructure créative que le marché du luxe mondial.,بني من قبل أشخاص يؤمنون بأن الموضة المغربية تستحق نفس البنية التحتية الإبداعية كسوق الفخامة العالمي.
about.team.overline,Founding Team,Équipe Fondatrice,الفريق المؤسس
about.team.title,"Two founders, one mission.","Deux fondateurs, une mission.",مؤسسان، هدف واحد.
about.team.titleLine1,"Two founders,","Deux fondateurs,",مؤسسان،
about.team.titleLine2,one mission.,une mission.,هدف واحد.
about.workflow.export.desc,"Download lookbooks, videos, or individual shots.","Téléchargez des lookbooks, des vidéos ou des photos individuelles.",حمّل الكتالوجات أو الفيديوهات أو الصور الفردية.
about.workflow.export.step,03 — Export,03 — Exporter,03 — تصدير
about.workflow.export.title,Export,Exporter,تصدير
about.workflow.generate.desc,AI composes studio-quality scenes in minutes.,L'IA compose des scènes de qualité studio en quelques minutes.,يؤلف الذكاء الاصطناعي مشاهد بجودة الاستوديو في دقائق.
about.workflow.generate.step,02 — Generate,02 — Générer,02 — توليد
about.workflow.generate.title,Generate,Générer,توليد
about.workflow.upload.desc,"Drop in your garments, models, or raw assets.","Déposez vos vêtements, modèles ou ressources brutes.",أسقط ملابسك أو نماذجك أو الأصول الخام.
about.workflow.upload.step,01 — Upload,01 — Télécharger,01 — تحميل
about.workflow.upload.title,Upload,Télécharger,تحميل
auth.button.greeting,"Hey, {email}!","Bonjour, {email} !",أهلاً، {email}!
auth.button.logout,Logout,Déconnexion,تسجيل الخروج
auth.button.signIn,Sign in,Connexion,تسجيل الدخول
auth.button.signUp,Sign up,S'inscrire,إنشاء حساب
auth.forgot.back,Back to Sign In,Retour à la connexion,العودة إلى تسجيل الدخول
auth.forgot.desc,Enter your email to receive recovery instructions,Entrez votre e-mail pour recevoir les instructions de récupération,أدخل بريدك الإلكتروني لتلقي تعليمات الاسترجاع
auth.forgot.submit,Recover Password,Récupérer le mot de passe,استرجاع كلمة المرور
auth.forgot.submitPending,Sending Link...,Envoi du lien...,جاري إرسال الرابط...
auth.forgot.success.desc,Password reset instructions sent,Instructions de réinitialisation envoyées,تم إرسال تعليمات إعادة التعيين
auth.forgot.success.msg,"If you have an account registered with that email, you will receive a link to securely reset your credentials shortly.","Si vous avez un compte associé à cet e-mail, vous recevrez sous peu un lien pour réinitialiser vos identifiants en toute sécurité.",إذا كان لديك حساب مسجل بهذا البريد الإلكتروني، فستتلقى قريباً رابطاً لإعادة تعيين بيانات اعتمادك بأمان.
auth.forgot.success.title,Check Your Inbox,Vérifiez votre boîte de réception,تحقق من صندوق الوارد
auth.forgot.title,Recover Access,Récupérer l'accès,استرجاع الوصول
auth.login.desc,Sign in to your Anaqio studio account,Connectez-vous à votre compte Anaqio Studio,قم بتسجيل الدخول إلى حسابك في Anaqio Studio
auth.login.email.label,Email,E-mail,البريد الإلكتروني
auth.login.email.placeholder,name@company.com,nom@entreprise.com,اسم@الشركة.com
auth.login.forgot,Forgot password?,Mot de passe oublié?,هل نسيت كلمة المرور؟
auth.login.password.label,Password,Mot de passe,كلمة المرور
auth.login.signupIntro,New to Anaqio?,Nouveau sur Anaqio?,جديد على Anaqio؟
auth.login.signupLink,Create an account,Créer un compte,إنشاء حساب
auth.login.submit,Sign In,Connexion,تسجيل الدخول
auth.login.submitPending,Authenticating...,Authentification...,جاري المصادقة...
auth.login.title,Welcome back,Bienvenue,أهلاً وسهلاً
auth.signup.desc,Create your studio account to get started,Créez votre compte studio pour commencer,أنشئ حساب الاستوديو الخاص بك للبدء
auth.signup.loginIntro,Already have an account?,Vous avez déjà un compte?,هل لديك حساب بالفعل؟
auth.signup.loginLink,Sign in,Se connecter,تسجيل الدخول
auth.signup.passwordRepeat,Repeat Password,Répéter le mot de passe,تكرار كلمة المرور
auth.signup.submit,Create Account,Créer un compte,إنشاء حساب
auth.signup.submitPending,Provisioning Account...,Provisionnement du compte...,جاري توفير الحساب...
auth.signup.title,Join Anaqio,Rejoindre Anaqio,انضم إلى Anaqio
auth.update.desc,Configure your new studio access credentials,Configurez vos nouveaux identifiants d'accès studio,قم بتكوين بيانات اعتماد الوصول الجديدة للاستوديو
auth.update.password.label,New Password,Nouveau Mot de Passe,كلمة المرور الجديدة
auth.update.submit,Confirm New Password,Confirmer le Nouveau Mot de Passe,تأكيد كلمة المرور الجديدة
auth.update.submitPending,Updating Security...,Mise à jour en cours...,جاري التحديث...
auth.update.title,Security Update,Mise à Jour Sécurité,تحديث الأمان
comingSoon.footer.copyright,Anaqio © 2026,Anaqio © 2026,Anaqio © 2026
comingSoon.footer.launch,Launching Q3 2026 · Casablanca,Lancement Q3 2026 · Casablanca,إطلاق Q3 2026 · الدار البيضاء
comingSoon.footer.links.about,About,À Propos,حول
comingSoon.footer.links.legal,Legal,Légal,قانوني
comingSoon.footer.links.policy,Policy,Politique,السياسة
comingSoon.footer.links.terms,Terms,Conditions,الشروط
comingSoon.form.button.pending,Sending...,Envoi en cours...,جاري الإرسال...
comingSoon.form.button.submit,Notify me,Notifiez-moi,أخبرني
comingSoon.form.email.aria,Email address,Adresse e-mail,عنوان البريد الإلكتروني
comingSoon.form.email.placeholder,Enter your email,Entrez votre e-mail,أدخل بريدك الإلكتروني
comingSoon.form.terms,"By joining, you agree to our Terms and Privacy Policy.","En rejoignant, vous acceptez nos Conditions et notre Politique de Confidentialité.",بالانضمام، أنت توافق على شروطنا وسياسة الخصوصية.
comingSoon.hero.main,ANAQIO is an AI-Driven Virtual built for Fashion Commerce.,"ANAQIO est un Studio Virtuel alimenté par l'IA, conçu pour le Commerce de Mode.",ANAQIO هو استوديو افتراضي مدعوم بالذكاء الاصطناعي، مصمم لتجارة الموضة.
comingSoon.hero.sub1,"Generate lookbooks, swap backgrounds, adjust lighting, and produce cinematic collections.","Générez des lookbooks, modifiez les arrière-plans, ajustez l'éclairage et produisez des collections cinématographiques.",أنشئ دفاتر العرض، بدّل الخلفيات، اضبط الإضاءة، وأنتج مجموعات سينمائية.
comingSoon.hero.sub2,— all from a single shot.,— le tout à partir d'une seule photo.,— كل هذا من صورة واحدة.
comingSoon.hero.tagline,Coming Soon,Arrivée Bientôt,قريباً جداً
contact.desc,For partnerships and general inquiries use this contact page.,Pour les partenariats et les demandes générales utilisez cette page de contact.,للشراكات والاستفسارات العامة استخدم صفحة الاتصال هذه.
contact.form.email.label,Email,E-mail,البريد الإلكتروني
contact.form.email.placeholder,you@example.com,vous@exemple.com,أنت@example.com
contact.form.message.label,Message,Message,الرسالة
contact.form.message.placeholder,How can we help?,Comment pouvons-nous vous aider?,كيف يمكننا مساعدتك؟
contact.form.name.label,Name,Nom,الاسم
contact.form.name.placeholder,Your name,Votre nom,اسمك
contact.form.note,While we finalize contact handling reach us via social links above.,Pendant que nous finalisons la gestion des contacts contactez-nous via les liens sociaux ci-dessus.,بينما نقوم بإنهاء معالجة الاتصالات تواصل معنا عبر روابط التواصل الاجتماعي أعلاه.
contact.form.submit,Send (coming soon),Envoyer (à venir),إرسال (قريباً)
contact.labels.social,Social,Réseaux sociaux,التواصل
contact.labels.website,Website,Site web,الموقع
contact.section.heading,Contact,Contact,تواصل
contact.title,Contact Anaqio,Contacter Anaqio,تواصل مع Anaqio
contact.waitlistLink,early access waitlist,liste d'accès anticipé,قائمة الوصول المبكر
contact.waitlistNote,"For product access updates, consider joining the","Pour les mises à jour d'accès produit, rejoignez la",لتحديثات الوصول إلى المنتج، انضم إلى
earlyAccess.badge,Early Access · Q3 2026,Accès Anticipé · T3 2026,الوصول المبكر · الربع الثالث 2026
earlyAccess.cta.subtext,Limited slots available for v1.0,Places limitées pour la v1.0,مقاعد محدودة للإصدار 1.0
earlyAccess.cta.titleGradient,future of fashion,l'avenir de la mode,مستقبل الأزياء
earlyAccess.cta.titlePre,Be first to enter the,Soyez le premier à entrer dans,كن أول من يدخل
earlyAccess.disclaimer.and,&,&,و
earlyAccess.disclaimer.prefix,By joining you agree to our,"En vous inscrivant, vous acceptez notre",بالانضمام، أنت توافق على
earlyAccess.disclaimer.privacy,Privacy,Confidentialité,الخصوصية
earlyAccess.disclaimer.terms,Terms,Conditions,الشروط
earlyAccess.hero.desc,"Anaqio provides a professional AI-driven workspace to create, stage, and sell fashion — without traditional production overhead.","Anaqio fournit un espace de travail professionnel basé sur l'IA pour créer, mettre en scène et vendre de la mode — sans frais de production traditionnels.",توفر أناكيو مساحة عمل احترافية مدعومة بالذكاء الاصطناعي لإنشاء الأزياء وعرضها وبيعها — دون تكاليف الإنتاج التقليدية.
earlyAccess.hero.titleGradient,Virtual Studio,Virtuel de Mode,الاستوديو الافتراضي
earlyAccess.hero.titleLine1,Fashion's,Le Studio,الأزياء
earlyAccess.hero.titleLine3,powered by AI.,propulsé par l'IA.,مدعوم بالذكاء الاصطناعي.
earlyAccess.meta.desc,Join the waitlist for early access to Anaqio's AI Visual Studio. Be the first to experience the future of fashion commerce.,Rejoignez la liste d'attente pour un accès anticipé au Studio Visuel IA d'Anaqio. Soyez le premier à vivre l'avenir du commerce de la mode.,انضم إلى قائمة الانتظار للوصول المبكر إلى استوديو أناكيو الرقمي بالذكاء الاصطناعي. كن أول من يختبر مستقبل تجارة الأزياء.
earlyAccess.meta.title,Early Access — Anaqio,Accès Anticipé — Anaqio,الوصول المبكر — أناكيو
earlyAccess.stats.cost.label,Lower Production Cost,Réduction des Coûts de Production,تخفيض تكاليف الإنتاج
earlyAccess.stats.cost.num,90%,90%,90%
earlyAccess.stats.creative.label,Creative Freedom,Liberté Créative,حرية إبداعية
earlyAccess.stats.creative.num,∞,∞,∞
earlyAccess.stats.platform.label,Unified Studio Platform,Plateforme Studio Unifiée,منصة استوديو موحدة
earlyAccess.stats.platform.num,01,01,01
earlyAccess.stats.speed.label,Faster Content Creation,Création de Contenu Plus Rapide,إنشاء محتوى أسرع
earlyAccess.stats.speed.num,10×,10×,10×
footer.company.about,About,À Propos,حول
footer.company.badge,JOIN,REJOINDRE,انضم
footer.company.cookies,Cookies,Cookies,ملفات تعريف الارتباط
footer.company.early,Early Access,Accès Anticipé,الوصول المبكر
footer.company.legal,Legal Mentions,Mentions Légales,الإشعارات القانونية
footer.company.privacy,Privacy Policy,Politique de Confidentialité,سياسة الخصوصية
footer.company.terms,Terms of Service,Conditions d'Utilisation,شروط الخدمة
footer.company.title,Company,Entreprise,الشركة
footer.copyright,© 2026 Anaqio,© 2026 Anaqio,© 2026 Anaqio
footer.desc,"Your Digital Atelier. Create stunning lookbooks, swap backgrounds, and generate editorial visuals — powered by AI, designed for Moroccan fashion brands.","Votre Atelier Numérique. Créez des lookbooks époustouflants, modifiez les arrière-plans et générez des visuels éditoriaux — alimentés par l'IA, conçus pour les marques de mode marocaines.",أتيليه رقمي. أنشئ دفاتر عرض مذهلة، غيّر الخلفيات، وأنتج صوراً افتراضية — مدعوم بالذكاء الاصطناعي، مصمم لعلامات الموضة المغربية.
footer.platform.lookbook,Lookbook Generator,Générateur de Lookbook,مولّد الكتالوجات
footer.platform.pricing,Pricing,Tarification,التسعير
footer.platform.studio,AI Studio,Studio d'IA,استوديو الذكاء الاصطناعي
footer.platform.title,Platform,Plateforme,المنصة
footer.platform.tryon,Virtual Try-On,Essayage Virtuel,التجربة الافتراضية
footer.resources.blog,Blog,Blog,المدونة
footer.resources.brand,Brand,Identité Visuelle,الهوية البصرية
footer.resources.help,Help Center,Centre d'Aide,مركز المساعدة
footer.resources.title,Resources,Ressources,الموارد
footer.rights,All rights reserved.,Tous droits réservés.,جميع الحقوق محفوظة.
header.button.waitlist,Join Waitlist,Rejoindre la Liste d'Attente,انضم إلى قائمة الانتظار
header.logo.aria,Anaqio Home,Accueil Anaqio,الصفحة الرئيسية لـ Anaqio
header.menu.aria,Toggle menu,Basculer le menu,تبديل القائمة
header.nav.about,About,À Propos,حول
header.nav.brand,Brand,Identité Visuelle,الهوية البصرية
header.nav.contact,Contact,Nous Contacter,اتصل بنا
header.nav.cookies,Cookie Policy,Politique des Cookies,سياسة ملفات تعريف الارتباط
header.nav.legal,Legal,Légal,قانوني
header.nav.legalMentions,Legal Mentions,Mentions Légales,الإشعارات القانونية
header.nav.privacy,Privacy Policy,Politique de Confidentialité,سياسة الخصوصية
header.nav.terms,Terms of Service,Conditions d'Utilisation,شروط الخدمة
landing.finalCta.cta.primary,Join the Waitlist,Rejoindre la liste d'attente,انضم إلى القائمة
landing.finalCta.cta.secondary,See How It Works,Voir comment ça marche,كيف يعمل
landing.finalCta.cta.tertiary,or scroll to learn more,ou défiler pour en savoir plus,أو مرر للاطلاع على المزيد
landing.finalCta.headline.gradient,Fashion Production,Production Mode,إنتاج الأزياء
landing.finalCta.headline.pre,Join the Evolution of,Rejoignez l'évolution de la,انضم إلى تطور
landing.finalCta.srHeading,Get Early Access,Accès anticipé,الوصول المبكر
landing.hero.cta.act,Join the Waitlist,Rejoindre la liste d'attente,انضم إلى قائمة الانتظار
landing.hero.cta.learn,See How It Works,Voir comment ça marche,كيف يعمل
landing.hero.eyebrow,Where garments become campaigns,Là où les vêtements deviennent des campagnes,حيث تتحول الملابس إلى حملات
landing.hero.headline.pre,Visual Infrastructure,Infrastructure visuelle,البنية التحتية البصرية
landing.hero.headline.pro,for Fashion Commerce,pour la mode commerciale,لتجارة الأزياء
landing.hero.subheadline.a,Transform garments into photorealistic campaign visuals in minutes.,Transformez des vêtements en visuels de campagne photoréalistes en quelques minutes.,حوّل الملابس إلى مرئيات حملات فوتوغرافية واقعية في دقائق.
landing.hero.subheadline.b,Anaqio optimizes fashion art for scalable commerce.,Anaqio optimise la production visuelle pour la mode commerciale à grande échelle.,أناكيو يحسّن الإنتاج البصري لتجارة الأزياء على نطاق واسع.
landing.hero.supportLine.post," who need consistent, brand-safe visuals at scale.", qui ont besoin de visuels cohérents à grande échelle., الذين يحتاجون إلى مرئيات متسقة وآمنة على نطاق واسع.
landing.hero.supportLine.pre,Built for ,Conçu pour les ,مصمم لـ
landing.hero.supportLine.words.0,designers,designers,المصممين
landing.hero.supportLine.words.1,brands,marques,العلامات التجارية
landing.hero.supportLine.words.2,agencies,agences,الوكالات
landing.howItWorks.eyebrow,How It Works,Comment ça marche,كيف يعمل
landing.howItWorks.headline.gradient,Campaign-Ready,Visuels prêts,مرئيات جاهزة
landing.howItWorks.headline.post,Visuals,pour la campagne,للحملات
landing.howItWorks.headline.pre,Four Steps to,Quatre étapes vers des,أربع خطوات نحو
landing.howItWorks.steps.0.body,Upload a flat lay or ghost mannequin image.,Téléchargez une image à plat ou sur mannequin invisible.,قم بتحميل صورة مسطحة أو على مانيكان.
landing.howItWorks.steps.0.num,01,01,01
landing.howItWorks.steps.0.title,Upload Your Garment,Téléchargez votre vêtement,قم بتحميل ملابسك
landing.howItWorks.steps.1.body,"Choose poses, lighting, and environments designed for fashion campaigns.","Choisissez des poses, un éclairage et des environnements conçus pour les campagnes de mode.",اختر الأوضاع والإضاءة والبيئات المصممة لحملات الأزياء.
landing.howItWorks.steps.1.num,02,02,02
landing.howItWorks.steps.1.title,Define the Visual Style,Définissez le style visuel,حدد الأسلوب البصري
landing.howItWorks.steps.2.body,"Our AI pipeline transforms the garment into high-quality visuals ready for e-commerce, campaigns, and social media.","Notre pipeline IA transforme le vêtement en visuels de haute qualité prêts pour l'e-commerce, les campagnes et les réseaux sociaux.",يحوّل خط أنابيب الذكاء الاصطناعي الملابس إلى مرئيات عالية الجودة جاهزة للتجارة الإلكترونية والحملات ووسائل التواصل.
landing.howItWorks.steps.2.num,03,03,03
landing.howItWorks.steps.2.title,Generate Photorealistic Output,Générez un résultat photoréaliste,أنشئ مخرجات فوتوغرافية واقعية
landing.howItWorks.steps.3.body,"Generate multiple variations for different markets, campaigns, or product launches. Minutes — not weeks.","Générez plusieurs variations pour différents marchés, campagnes ou lancements. En quelques minutes — pas des semaines.",أنشئ متغيرات متعددة لأسواق وحملات وإطلاق منتجات مختلفة. دقائق — وليس أسابيع.
landing.howItWorks.steps.3.num,04,04,04
landing.howItWorks.steps.3.title,Scale Instantly,Évoluez instantanément,توسّع فوراً
landing.philosophy.body,Fashion has always been a form of artistic expression. Technology should not replace creativity — it should empower it. Anaqio was built with a simple belief: AI should optimize the operational side of fashion production so designers and brands can focus on creativity and storytelling. We are not replacing fashion art. We are building the infrastructure that allows it to scale.,La mode a toujours été une forme d'expression artistique. La technologie ne devrait pas remplacer la créativité — elle devrait la renforcer. Anaqio a été construit avec une conviction simple : l'IA doit optimiser le côté opérationnel de la production de mode afin que les designers et les marques puissent se concentrer sur la créativité et la narration. Nous ne remplaçons pas l'art de la mode. Nous construisons l'infrastructure qui lui permet de grandir.,كانت الموضة دائماً شكلاً من أشكال التعبير الفني. لا ينبغي للتكنولوجيا أن تحل محل الإبداع — بل يجب أن تمكّنه. بُني أناكيو على اعتقاد بسيط: يجب أن يحسّن الذكاء الاصطناعي الجانب التشغيلي من إنتاج الأزياء حتى يتمكن المصممون والعلامات التجارية من التركيز على الإبداع وسرد القصص. نحن لا نستبدل فن الأزياء. نحن نبني البنية التحتية التي تتيح له التوسع.
landing.philosophy.eyebrow,Our Philosophy,Notre Philosophie,فلسفتنا
landing.problem.eyebrow,The Challenge,Le Défi,التحدي
landing.problem.headline.gradient,Exploding,Explosive,متفجر
landing.problem.headline.pre,Fashion Content Demand.,La demande en contenu mode.,الطلب على محتوى الأزياء.
landing.problem.intro.a,Fashion brands today need an enormous volume of visuals.,Les marques de mode ont aujourd'hui besoin d'un volume considérable de visuels.,تحتاج علامات الأزياء اليوم إلى حجم هائل من المرئيات.
landing.problem.intro.b,But traditional production wasn't built for this speed.,Mais la production traditionnelle n'a pas été conçue pour cette cadence.,لكن الإنتاج التقليدي لم يُبنَ لهذه السرعة.
landing.problem.intro.detail,"Photoshoots require studios, models, logistics, and post-production — making them expensive, slow, and difficult to scale. For emerging designers and growing brands, this creates a bottleneck between creative vision and commercial growth.","Les shootings nécessitent des studios, des mannequins, une logistique et de la post-production — les rendant coûteux, lents et difficiles à mettre à l'échelle. Pour les designers émergents et les marques en croissance, cela crée un goulot d'étranglement entre la vision créative et la croissance commerciale.",تتطلب جلسات التصوير استوديوهات ونماذج ولوجستيات ومعالجة ما بعد الإنتاج — مما يجعلها مكلفة وبطيئة ويصعب توسيع نطاقها. للمصممين الناشئين والعلامات التجارية النامية، هذا يخلق عقبة بين الرؤية الإبداعية والنمو التجاري.
landing.problem.intro.quote,Fashion is art. Commerce requires optimization.,La mode est un art. Le commerce exige de l'optimisation.,الموضة فن. التجارة تتطلب التحسين.
landing.problem.painPoints.0.text,Product launches.,Lancements de produits.,إطلاق المنتجات.
landing.problem.painPoints.1.text,Social media campaigns.,Campagnes sur les réseaux sociaux.,حملات وسائل التواصل الاجتماعي.
landing.problem.painPoints.2.text,E-commerce catalogs.,Catalogues e-commerce.,كتالوجات التجارة الإلكترونية.
landing.problem.painPoints.3.text,Marketplace listings.,Fiches marketplace.,قوائم المتاجر الإلكترونية.
landing.problem.visualHeadline.line1,Fashion moves fast.,La mode va vite.,الموضة تتحرك بسرعة.
landing.problem.visualHeadline.line2,Production doesn't.,"La production, non.",الإنتاج لا يواكبها.
landing.solution.description,Anaqio transforms simple garment images into photorealistic visuals using a structured AI pipeline built specifically for fashion brands.,"Anaqio transforme de simples images de vêtements en visuels photoréalistes grâce à un pipeline IA structuré, spécialement conçu pour les marques de mode.",يحوّل أناكيو صور الملابس البسيطة إلى مرئيات فوتوغرافية واقعية باستخدام خط أنابيب ذكاء اصطناعي منظم مصمم خصيصاً لعلامات الأزياء.
landing.solution.eyebrow,The Solution,La Solution,الحل
landing.solution.footer,No photoshoot. No production delays. Just scalable visual generation.,Pas de shooting. Pas de délais de production. Juste une génération visuelle évolutive.,لا تصوير. لا تأخيرات في الإنتاج. مجرد توليد مرئيات قابل للتوسع.
landing.solution.headline.gradient,Production Layer,Couche de Production IA,طبقة الإنتاج بالذكاء الاصطناعي
landing.solution.headline.post,for Fashion,pour la mode,للأزياء
landing.solution.headline.pre,Meet the AI-Native,Découvrez la,تعرف على
landing.solution.pipeline.0.body,Upload your raw garment imagery and brand assets to begin.,Téléchargez vos images de vêtements brutes et vos ressources de marque.,قم بتحميل صور الملابس الخام وأصول علامتك التجارية للبدء.
landing.solution.pipeline.0.label,Flat Lay,À plat,صورة مسطحة
landing.solution.pipeline.0.stage,Input,Entrée,إدخال
landing.solution.pipeline.1.body,We orchestrate your asset generation using bleeding-edge pipelines.,Nous orchestrons la génération de vos ressources avec des pipelines de pointe.,نوفّر توليد أصولك باستخدام خطوط أنابيب متطورة.
landing.solution.pipeline.1.label,AI Pipeline,Pipeline IA,خط أنابيب الذكاء الاصطناعي
landing.solution.pipeline.1.stage,Process,Traitement,معالجة
landing.solution.pipeline.2.body,Receive photorealistic campaign visuals ready for commerce.,Recevez des visuels de campagne photoréalistes prêts pour le commerce.,احصل على مرئيات حملة فوتوغرافية واقعية جاهزة للتجارة.
landing.solution.pipeline.2.label,Campaign Visual,Visuel de campagne,مرئيات الحملة
landing.solution.pipeline.2.stage,Output,Sortie,إخراج
landing.solution.stat.anaqio.label,With ANAQIO,Avec ANAQIO,مع ANAQIO
landing.solution.stat.anaqio.value,2 hours,2 heures,ساعتان
landing.solution.stat.traditional.label,Traditional shoot,Shooting traditionnel,التصوير التقليدي
landing.solution.stat.traditional.value,14 days,14 jours,14 يومًا
landing.vision.eyebrow,Our Vision,Notre Vision,رؤيتنا
landing.vision.headline.gradient,Fashion Production,Production Mode,إنتاج الأزياء
landing.vision.headline.pre,The Future of,L'avenir de la,مستقبل
landing.vision.intro,The fashion industry is entering a new era where visual production must keep pace with digital commerce.,L'industrie de la mode entre dans une nouvelle ère où la production visuelle doit suivre le rythme du commerce numérique.,تدخل صناعة الأزياء عصراً جديداً حيث يجب أن يواكب الإنتاج البصري وتيرة التجارة الرقمية.
landing.vision.points.0.text,Collections launch faster.,Les collections se lancent plus vite.,تُطلق المجموعات بشكل أسرع.
landing.vision.points.1.text,Content cycles move quicker.,Les cycles de contenu s'accélèrent.,تتحرك دورات المحتوى بشكل أسرع.
landing.vision.points.2.text,Brands reach global audiences instantly.,Les marques atteignent des audiences mondiales instantanément.,تصل العلامات التجارية إلى الجمهور العالمي فوراً.
landing.vision.quote,"Anaqio's vision is to become the visual infrastructure layer of the global fashion industry, transforming visual production from a bottleneck into a growth engine.","La vision d'Anaqio est de devenir la couche d'infrastructure visuelle de l'industrie mondiale de la mode, transformant la production visuelle d'un goulot d'étranglement en moteur de croissance.",رؤية أناكيو هي أن يصبح طبقة البنية التحتية البصرية لصناعة الأزياء العالمية، محوّلاً الإنتاج البصري من عقبة إلى محرك نمو.
landing.whoItsFor.audiences.0.body,Scale product visuals for e-commerce and marketing campaigns.,Développez les visuels de produits pour l'e-commerce et les campagnes marketing.,وسّع مرئيات المنتجات للتجارة الإلكترونية وحملات التسويق.
landing.whoItsFor.audiences.0.title,Fashion Brands,Marques de mode,علامات الأزياء
landing.whoItsFor.audiences.1.body,Create professional visuals without expensive photoshoots.,Créez des visuels professionnels sans shootings coûteux.,أنشئ مرئيات احترافية دون جلسات تصوير مكلفة.
landing.whoItsFor.audiences.1.title,Emerging Designers,Designers émergents,المصممون الناشئون
landing.whoItsFor.audiences.2.body,Accelerate production for client campaigns.,Accélérez la production pour les campagnes clients.,سرّع الإنتاج لحملات العملاء.
landing.whoItsFor.audiences.2.title,Creative Studios,Studios créatifs,الاستوديوهات الإبداعية
landing.whoItsFor.audiences.3.body,Standardize visual quality across large product inventories.,Standardisez la qualité visuelle sur de grands inventaires de produits.,وحّد جودة المرئيات عبر مخزونات المنتجات الكبيرة.
landing.whoItsFor.audiences.3.title,Marketplaces,Marchés en ligne,الأسواق الإلكترونية
landing.whoItsFor.eyebrow,Who It's For,À qui s'adresse-t-il,لمن هو مناسب
landing.whoItsFor.features.0,Dedicated studio workspace,Espace studio dédié,مساحة عمل استوديو مخصصة
landing.whoItsFor.features.1,Lightning-fast asset rendering,Rendu d'actifs ultra-rapide,تقديم أصول فائق السرعة
landing.whoItsFor.features.2,Tailored brand parameters,Paramètres de marque personnalisés,معايير علامة تجارية مخصصة
landing.whoItsFor.footer,Anyone producing fashion visuals at scale.,Quiconque produit des visuels de mode à grande échelle.,أي شخص ينتج مرئيات أزياء على نطاق واسع.
landing.whoItsFor.headline.gradient,Ecosystem,Mode,البيئي
landing.whoItsFor.headline.pre,Built for the Fashion,Conçu pour l'écosystème,مصمم لنظام الأزياء
landing.whyAnaqio.eyebrow,Product Benefits,Avantages du produit,مزايا المنتج
landing.whyAnaqio.footer,"Anaqio is built for reliability, consistency, and scale.","Anaqio est conçu pour la fiabilité, la cohérence et l'évolutivité.",أناكيو مصمم للموثوقية والاتساق والتوسع.
landing.whyAnaqio.headline.gradient,Anaqio,Anaqio,Anaqio
landing.whyAnaqio.headline.post,is Better?,est meilleur ?,أفضل؟
landing.whyAnaqio.headline.pre,Why,Pourquoi,لماذا
landing.whyAnaqio.points.0.body,"Faithful reproduction of textures, cuts, colors, and brand details.","Reproduction fidèle des textures, coupes, couleurs et détails de marque.",إعادة إنتاج وفية للملمس والقصات والألوان وتفاصيل العلامة التجارية.
landing.whyAnaqio.points.0.title,Garment Precision,Précision des vêtements,دقة الملابس
landing.whyAnaqio.points.1.body,Consistent positioning across product collections.,Positionnement cohérent sur toutes les collections de produits.,وضع متسق عبر مجموعات المنتجات.
landing.whyAnaqio.points.1.title,Controlled Poses,Poses contrôlées,أوضاع متحكم بها
landing.whyAnaqio.points.2.body,Uniform lighting that preserves accurate color representation.,Éclairage uniforme qui préserve une représentation précise des couleurs.,إضاءة موحدة تحافظ على تمثيل دقيق للألوان.
landing.whyAnaqio.points.2.title,Lighting Consistency,Cohérence de l'éclairage,اتساق الإضاءة
landing.whyAnaqio.points.3.body,Generate hundreds of visuals without increasing production costs.,Générez des centaines de visuels sans augmenter les coûts de production.,أنشئ مئات المرئيات دون زيادة تكاليف الإنتاج.
landing.whyAnaqio.points.3.title,Scalable Production,Production évolutive,إنتاج قابل للتوسع
landing.whyAnaqio.points.4.body,Structured AI pipelines designed for fashion brands — not experimental image generation.,Pipelines IA structurés conçus pour les marques de mode — pas de génération expérimentale.,خطوط أنابيب ذكاء اصطناعي منظمة مصممة لعلامات الأزياء — وليس توليد صور تجريبي.
landing.whyAnaqio.points.4.title,Brand-Safe Outputs,Résultats sécurisés pour la marque,مخرجات آمنة للعلامة التجارية
loading.stages.assets,Loading assets,Chargement des ressources,تحميل الأصول
loading.stages.initializing,Initializing,Initialisation,التهيئة
loading.stages.ready,Ready,Prêt,جاهز
loading.stages.rendering,Rendering,Rendu,العرض
loading.stages.studio,Preparing studio,Préparation du studio,تحضير الاستوديو
loading.tagline,Digital Atelier,Atelier Numérique,أتيليه رقمي
meta.about.desc,"Anaqio is an AI-powered visual studio for fashion commerce, built in Casablanca by designers and engineers passionate about elevating the Moroccan fashion industry.","Anaqio est un studio visuel alimenté par l'IA pour le commerce de la mode, construit à Casablanca par des designers et des ingénieurs passionnés par l'élévation de l'industrie de la mode marocaine.",Anaqio هو استوديو بصري مدعوم بالذكاء الاصطناعي لتجارة الموضة، مبني في الدار البيضاء من قبل مصممين ومهندسين متحمسين لرفع مستوى صناعة الموضة المغربية.
meta.about.title,About Anaqio,À propos d'Anaqio,حول Anaqio
meta.brand.title,Brand Identity Guidelines — Anaqio,Directives d'Identité de Marque — Anaqio,إرشادات هوية العلامة التجارية — Anaqio
meta.contact.desc,"Get in touch with Anaqio — AI Visual Studio for Fashion Commerce. Partnerships, support, and general inquiries.","Contactez Anaqio — Studio Visuel IA pour le Commerce de la Mode. Partenariats, support et demandes générales.",تواصل مع Anaqio — استوديو بصري للذكاء الاصطناعي لتجارة الموضة. الشراكات والدعم والاستفسارات العامة.
meta.contact.title,Contact Anaqio,Contacter Anaqio,تواصل مع Anaqio
meta.cookies.desc,Anaqio's Cookie Policy. Learn how we use cookies to improve your experience in our AI virtual studio.,Politique de cookies d'Anaqio. Découvrez comment nous utilisons les cookies pour améliorer votre expérience dans notre studio IA.,سياسة ملفات تعريف الارتباط لـ Anaqio. تعرف على كيفية استخدامنا لها لتحسين تجربتك في استوديو الذكاء الاصطناعي.
meta.cookies.title,Cookie Policy — Anaqio,Politique de Cookies — Anaqio,سياسة ملفات تعريف الارتباط — Anaqio
meta.early.desc,Join the waitlist for early access to Anaqio's AI Visual Studio. Be the first to experience the future of fashion commerce.,Rejoignez la liste d'attente pour un accès anticipé au Studio Visuel IA d'Anaqio. Soyez le premier à vivre l'avenir du commerce de la mode.,انضم إلى قائمة الانتظار للوصول المبكر إلى استوديو Anaqio البصري. كن أول من يختبر مستقبل تجارة الموضة.
meta.early.title,Early Access — Anaqio,Accès Anticipé — Anaqio,الوصول المبكر — Anaqio
meta.forgot.title,Forgot Password — Anaqio,Mot de passe oublié — Anaqio,هل نسيت كلمة المرور — Anaqio
meta.home.description,"ANAQIO is an AI-powered fashion studio for the Moroccan luxury market. Generate lookbooks, swap backgrounds, adjust lighting, and produce cinematic fashion videos. Launching 2026.","ANAQIO est un studio de mode alimenté par l'IA pour le marché du luxe marocain. Générez des lookbooks, modifiez les arrière-plans, ajustez l'éclairage et produisez des vidéos de mode cinématographiques. Lancement 2026.",ANAQIO هو استوديو موضة مدعوم بالذكاء الاصطناعي للسوق الفاخرة المغربية. أنشئ دفاتر العرض، بدّل الخلفيات، اضبط الإضاءة، وأنتج فيديوهات موضة سينمائية. الإطلاق 2026.
meta.home.title,ANAQIO — AI Fashion Studio | Coming Soon,ANAQIO — Studio d'IA pour la Mode | À Venir,ANAQIO — استوديو الذكاء الاصطناعي للموضة | قريباً
meta.legal.desc,"Legal Mentions for Anaqio, a virtual studio for fashion commerce.","Mentions légales d'Anaqio, un studio virtuel pour le commerce de la mode.",الإشارات القانونية لـ Anaqio، استوديو افتراضي لتجارة الموضة.
meta.legal.title,Legal Mentions — Anaqio,Mentions Légales — Anaqio,الإشارات القانونية — Anaqio
meta.login.title,Login — Anaqio,Connexion — Anaqio,تسجيل الدخول — Anaqio
meta.privacy.desc,"Privacy Policy for Anaqio, a virtual studio for fashion commerce.","Politique de confidentialité d'Anaqio, un studio virtuel pour le commerce de la mode.",سياسة الخصوصية لـ Anaqio، استوديو افتراضي لتجارة الموضة.
meta.privacy.title,Privacy Policy — Anaqio,Politique de Confidentialité — Anaqio,سياسة الخصوصية — Anaqio
meta.protected.title,Studio Overview — Anaqio,Vue d'ensemble du Studio — Anaqio,نظرة عامة على الاستوديو — Anaqio
meta.signup.title,Sign Up — Anaqio,S'inscrire — Anaqio,التسجيل — Anaqio
meta.terms.desc,"Terms of Service for Anaqio, a virtual studio for fashion commerce.","Conditions d'utilisation d'Anaqio, un studio virtuel pour le commerce de la mode.",شروط الخدمة لـ Anaqio، استوديو افتراضي لتجارة الموضة.
meta.terms.title,Terms of Service — Anaqio,Conditions d'Utilisation — Anaqio,شروط الخدمة — Anaqio
meta.update.title,Update Password — Anaqio,Mettre à Jour le Mot de Passe — Anaqio,تحديث كلمة المرور — Anaqio
notFound.back,Return to Reality,Retour à la Réalité,العودة إلى الواقع
notFound.desc,"This space does not exist in our current simulation. It may have been moved, renamed, or is still rendering in the void.","Cet espace n'existe pas dans notre simulation actuelle. Il a peut-être été déplacé, renommé, ou se rend encore dans le vide.",هذه المساحة غير موجودة في محاكاتنا الحالية. ربما تم نقلها أو إعادة تسميتها أو لا تزال في مرحلة العرض.
notFound.title,System Anomaly,Anomalie Système,خلل في النظام
notFound.waitlist,Access Waitlist,Accéder à la Liste d'Attente,الوصول إلى قائمة الانتظار
protected.footer.privacy,Privacy,Confidentialité,الخصوصية
protected.footer.terms,Terms,Conditions,الشروط
protected.footer.workspace,Virtual Workspace,Espace de Travail Virtuel,مساحة العمل الافتراضية
protected.workspace.access.descPost,. Features like Lookbook Gen and Virtual Try-On are being enabled progressively.,. Des fonctionnalités comme le Générateur de Lookbook et l'Essayage Virtuel sont activées progressivement.,. يتم تفعيل الميزات مثل مولّد دفتر العرض والتجربة الافتراضية تدريجيًا.
protected.workspace.access.descPre,You are currently viewing the,Vous consultez actuellement,أنت حاليًا تعرض
protected.workspace.access.studio,Anaqio Studio Alpha,Anaqio Studio Alpha,Anaqio Studio Alpha
protected.workspace.access.title,Access Level,Niveau d'Accès,مستوى الوصول
protected.workspace.badge,Workspace Dashboard,Tableau de Bord,لوحة تحكم مساحة العمل
protected.workspace.claims.loading,Decrypting claims...,Déchiffrement en cours...,جارٍ فك التشفير...
protected.workspace.claims.title,System Claims,Revendications Système,بيانات النظام
protected.workspace.status.title,Account Status,Statut du Compte,حالة الحساب
protected.workspace.status.verified,Verified Member,Membre Vérifié,عضو موثق
protected.workspace.title,Studio Overview,Vue d'ensemble du Studio,نظرة عامة على الاستوديو
scrollNav.intro,Intro,Intro,مقدمة
scrollNav.join,Join,Rejoindre,انضم
scrollNav.morocco,Morocco,Maroc,المغرب
scrollNav.problem,Problem,Problème,المشكلة
scrollNav.solution,Solution,Solution,الحل
scrollNav.team,Team,Équipe,الفريق
social.instagram,Instagram,Instagram,إنستغرام
social.linkedin,LinkedIn,LinkedIn,لينكدإن
social.pinterest,Pinterest,Pinterest,بينتريست
social.tiktok,TikTok,TikTok,تيك توك
social.twitter,X (Twitter),X (Twitter),X (تويتر)
social.youtube,YouTube,YouTube,يوتيوب
waitlist.disclaimer.and,and,et notre,و
waitlist.disclaimer.prefix,By joining you agree to our,"En vous inscrivant, vous acceptez nos",بالانضمام، أنت توافق على
waitlist.disclaimer.privacy,Privacy,Politique de Confidentialité,سياسة الخصوصية
waitlist.disclaimer.terms,Terms,Conditions,الشروط
waitlist.formHeadline,Request an invitation to the atelier.,Demandez une invitation à l'atelier.,اطلب دعوة إلى الأتيليه.
waitlist.formSubline,Only 200 early-access spots available. Takes 30 seconds.,Seulement 200 places d'accès anticipé. Prend 30 secondes.,200 مقعد فقط للوصول المبكر. يستغرق 30 ثانية.
waitlist.headline.gradient,Early?,tôt ?,مبكراً؟
waitlist.headline.pre,Why Join,Pourquoi rejoindre,لماذا تنضم
waitlist.socialProof,Join 200+ Moroccan brands upgrading their visual commerce.,Rejoignez plus de 200 marques marocaines qui développent leur commerce visuel.,انضم إلى أكثر من 200 علامة تجارية مغربية تطوّر تجارتها البصرية.